Customer Name,Product Name,Rating,Price
Megan Mcintosh,DeepCool Air Cooler,3.6,90
Aaron Nguyen,Google Pixel 6,4.9,700
Stephanie Pierce,Oneplus 12r,4.9,700
Andrea Anderson,Google Pixel 6,4.5,700
Tammy Martinez,Apple iPad Air,3.9,400
Latasha Keller,iPhone 14 Pro,3.7,800
Linda Thompson,iPhone 14 Pro,4.5,800
Pamela Wagner,Wireless Headphone,5.0,85
Andrew Graves,iPhone 14 Pro,4.2,800
Robin Dunn,Samsung Galaxy S22,3.9,850
Matthew English,Google Pixel 6,3.9,700
Melissa Olson,Wireless Headphone,4.5,85
Shane Evans,Samsung Galaxy S22,3.5,850
Becky Gordon,Oneplus 12r,4.8,700
Leslie Murphy,DeepCool Air Cooler,3.9,90
John Austin,Wireless Headphone,4.5,85
Joshua Santos,Apple iPad Air,3.9,400
Joshua Sanchez,Oneplus 12r,4.6,700
Joshua Ford,Samsung Galaxy S22,4.7,850
Phillip Henderson,Google Pixel 6,4.1,700
Anne Davenport,Oneplus 12r,3.6,700
Janice Bryant,iPhone 14 Pro,4.9,800
Cynthia Mcgrath,iPhone 14 Pro,4.9,800
Pamela Walter,Apple iPad Air,3.5,400
Julie Johnson,Oneplus 12r,3.8,700
Sharon Lyons,Apple iPad Air,4.8,400
Andre Roy,Google Pixel 6,4.5,700
Zachary Copeland,iPhone 15 Pro,4.9,1000
Shawn Wolfe,Google Pixel 6,4.4,700
Keith Hughes,Apple iPad Air,3.6,400
Jordan Evans,DeepCool Air Cooler,4.7,90
Brian Benson,Samsung Galaxy S22,3.6,850
Jessica Hall,Samsung Galaxy S22,4.8,850
Jeffrey Carr,Samsung Galaxy S22,3.9,850
Angela Harrison,Oneplus 12r,4.1,700
Alice Steele,Google Pixel 6,4.5,700
Regina Cruz,iPhone 14 Pro,4.3,800
Jade Graham,iPhone 15 Pro,4.0,1000
Christopher Rosales,Samsung Galaxy S22,4.8,850
Kayla Holmes,Google Pixel 6,3.6,700
Jamie Lee,Wireless Headphone,4.9,85
Mary Kramer,Google Pixel 6,4.0,700
Kimberly Rivera,DeepCool Air Cooler,4.1,90
Christina Reyes,iPhone 15 Pro,4.8,1000
Louis Mccoy,Samsung Galaxy S22,4.0,850
Jennifer Perry,DeepCool Air Cooler,4.0,90
Derek Mcgee,Oneplus 12r,4.8,700
Thomas Spencer,Wireless Headphone,4.6,85
Dr. Brooke Williams MD,iPhone 14 Pro,3.8,800
Nicole Foley,Samsung Galaxy S22,3.7,850
Michael James,iPhone 15 Pro,3.9,1000
Jeffery Rodriguez,Wireless Headphone,4.4,85
Hannah Evans,Oneplus 12r,4.6,700
Daniel Aguilar,iPhone 14 Pro,3.7,800
Daniel Smith,DeepCool Air Cooler,3.7,90
Renee Kim,iPhone 15 Pro,4.0,1000
Nicole Burgess,Oneplus 12r,4.1,700
Matthew Dawson,iPhone 14 Pro,4.0,800
Jeffrey Gordon,Apple iPad Air,3.6,400
Jacqueline Richard,Google Pixel 6,4.3,700
John Reese,Apple iPad Air,4.6,400
Allison Weeks,DeepCool Air Cooler,4.9,90
Melissa Howard,Oneplus 12r,4.3,700
Heather Cooper MD,Samsung Galaxy S22,4.6,850
Anne Jennings,Wireless Headphone,4.9,85
Steven Ashley,Samsung Galaxy S22,3.9,850
Jennifer Little,Wireless Headphone,3.7,85
Cynthia West,Google Pixel 6,4.7,700
Melissa Watson,iPhone 14 Pro,3.8,800
Kathy Chan,Wireless Headphone,4.9,85
Kathleen Leonard,DeepCool Air Cooler,3.5,90
Tamara Small,Samsung Galaxy S22,4.7,850
Melissa Jones,iPhone 15 Pro,4.9,1000
Keith Pham,iPhone 14 Pro,5.0,800
Julie Davis,Samsung Galaxy S22,3.8,850
George Robertson,iPhone 14 Pro,3.8,800
Mr. Jeremy Hill,Apple iPad Air,4.2,400
Ann Clark,Oneplus 12r,4.9,700
Amanda Newman,iPhone 15 Pro,3.8,1000
Joseph Espinoza,iPhone 14 Pro,4.4,800
Jonathan Jones,Google Pixel 6,3.9,700
Jeremy Duran,Apple iPad Air,3.7,400
Michael Strickland,Wireless Headphone,4.2,85
Holly Edwards,Google Pixel 6,4.8,700
Sarah Jacobs,Wireless Headphone,3.5,85
Timothy Martin,Samsung Galaxy S22,4.6,850
Dr. Ana Moore,Wireless Headphone,3.8,85
Kimberly Lee,Apple iPad Air,4.5,400
Nancy Webb,Oneplus 12r,4.0,700
Alexis Macdonald,iPhone 14 Pro,3.9,800
Ariel Hunter,Oneplus 12r,4.0,700
Joshua Hines,Wireless Headphone,4.5,85
Mary Knight,DeepCool Air Cooler,4.8,90
Allen Acosta,Apple iPad Air,5.0,400
Tommy Marshall,Oneplus 12r,4.2,700
Michael Alexander,Samsung Galaxy S22,3.8,850
Thomas Oneal,Apple iPad Air,4.5,400
Kathryn Davis,Oneplus 12r,4.7,700
Jason Barber,DeepCool Air Cooler,4.0,90
Katelyn Preston,Wireless Headphone,4.7,85
Brett Oneal,Google Pixel 6,4.1,700
Susan Hanson,iPhone 14 Pro,4.2,800
John Allen,iPhone 14 Pro,4.7,800
Kathleen Johnson,Wireless Headphone,4.7,85
Alexis Rodriguez,iPhone 14 Pro,3.9,800
Kurt King,Samsung Galaxy S22,4.5,850
Melissa Ross,Samsung Galaxy S22,4.7,850
Kim Henderson,Apple iPad Air,4.6,400
Carrie Vang,Samsung Galaxy S22,4.0,850
Catherine Gray,Google Pixel 6,4.3,700
Steven Martin,DeepCool Air Cooler,4.4,90
Rebecca Lewis,DeepCool Air Cooler,5.0,90
Jamie Richardson,Apple iPad Air,4.5,400
Mark Perez,iPhone 15 Pro,4.9,1000
Jeffrey Camacho,iPhone 14 Pro,4.2,800
Mr. Justin Sanders,DeepCool Air Cooler,5.0,90
Shelby Cuevas,Oneplus 12r,3.7,700
Michelle Mendoza,iPhone 14 Pro,4.8,800
Corey Walker,Oneplus 12r,4.8,700
Natalie Smith,iPhone 14 Pro,4.1,800
Nathan Davis,DeepCool Air Cooler,4.4,90
Lisa Anderson,Wireless Headphone,4.7,85
Sheri Hill,DeepCool Air Cooler,4.2,90
Alice Robertson,DeepCool Air Cooler,4.9,90
Melanie Morgan,iPhone 14 Pro,4.7,800
Harold Collins,Wireless Headphone,3.8,85
Whitney Clark,iPhone 15 Pro,3.8,1000
Adrian Mclean,iPhone 15 Pro,4.6,1000
Alice Sanchez,Wireless Headphone,4.0,85
Matthew Hudson,Google Pixel 6,4.4,700
Brittany Alvarado,DeepCool Air Cooler,4.4,90
Darlene Thompson,Wireless Headphone,4.5,85
Evelyn Davis,Google Pixel 6,4.7,700
Elizabeth Clark,Oneplus 12r,4.1,700
Brianna Bryan,DeepCool Air Cooler,4.3,90
Jennifer Walker,DeepCool Air Cooler,3.9,90
Dominique Ellis,Samsung Galaxy S22,3.8,850
Nathan Garcia,Wireless Headphone,4.3,85
Meghan Miller,Wireless Headphone,3.7,85
Nancy Schmidt,Apple iPad Air,4.5,400
Anthony Gonzalez,iPhone 14 Pro,4.3,800
Robin Munoz,Apple iPad Air,4.4,400
Monique Callahan,Google Pixel 6,3.6,700
Jonathan Jackson,Apple iPad Air,3.7,400
Courtney Bass,DeepCool Air Cooler,4.8,90
Sarah Deleon MD,iPhone 14 Pro,4.6,800
Debra Bailey,Apple iPad Air,4.6,400
Thomas Jacobs,iPhone 15 Pro,4.8,1000
Nancy Long,DeepCool Air Cooler,4.0,90
Raven Smith,Samsung Galaxy S22,4.0,850
David Underwood,iPhone 15 Pro,3.7,1000
Mr. Luke Hanson,Google Pixel 6,4.2,700
David Frank,Wireless Headphone,3.6,85
Cynthia Castro,DeepCool Air Cooler,4.3,90
William Harrison,Samsung Galaxy S22,4.3,850
Jose Baker,Oneplus 12r,4.8,700
Barbara Harris PhD,Oneplus 12r,4.2,700
Alicia Hall,iPhone 14 Pro,4.4,800
Natalie Baxter,Wireless Headphone,3.6,85
Natalie Freeman,Apple iPad Air,4.4,400
Bruce Allen,iPhone 14 Pro,4.2,800
Alexandra Lewis,Samsung Galaxy S22,4.0,850
Chelsea Moore,Google Pixel 6,3.7,700
Jonathan West,DeepCool Air Cooler,4.8,90
Susan Elliott,Oneplus 12r,4.4,700
Andrew Whitaker,iPhone 15 Pro,3.7,1000
Tina Bell,Samsung Galaxy S22,4.7,850
Sonya Hart,Oneplus 12r,4.8,700
Tommy Mathis,Wireless Headphone,4.6,85
John Brown,Oneplus 12r,4.2,700
Tammy Rivera,Samsung Galaxy S22,4.6,850
James Robinson,iPhone 15 Pro,4.6,1000
Natasha Porter,Google Pixel 6,4.2,700
John Torres,iPhone 14 Pro,4.6,800
Danny Bell,Google Pixel 6,4.6,700
Nicole Harvey,Oneplus 12r,4.0,700
Charles Harris,Samsung Galaxy S22,3.6,850
Brooke Smith,Google Pixel 6,4.1,700
Stacey Butler,iPhone 14 Pro,3.8,800
Eric Morales,Samsung Galaxy S22,4.6,850
Kristen Knapp,DeepCool Air Cooler,4.1,90
Lisa Martinez,Samsung Galaxy S22,4.9,850
Brittany Peck,Oneplus 12r,4.9,700
James Reyes,Wireless Headphone,3.8,85
Preston Chen,Wireless Headphone,4.5,85
Angela Edwards,iPhone 14 Pro,4.8,800
Aaron Doyle,Apple iPad Air,3.9,400
Brandon Jefferson,iPhone 15 Pro,4.4,1000
Marcus Garcia,iPhone 15 Pro,3.5,1000
Linda Perez,Google Pixel 6,4.7,700
Alan Johnson,iPhone 14 Pro,4.7,800
Ernest Hancock,Wireless Headphone,4.4,85
Lindsay Mckay,iPhone 15 Pro,4.4,1000
Martin Riddle,iPhone 14 Pro,4.7,800
Eric Turner,Oneplus 12r,4.5,700
Nancy Barnett,Oneplus 12r,4.0,700
Steve Watson,Samsung Galaxy S22,4.7,850
Jeffery Fritz,Wireless Headphone,3.8,85
Cathy Dominguez,Wireless Headphone,3.9,85
Christina Foster,iPhone 14 Pro,4.1,800
Nancy Vega,iPhone 15 Pro,3.8,1000
Amanda Howell,Apple iPad Air,5.0,400
Catherine Hicks,Samsung Galaxy S22,4.8,850
Eric Armstrong,iPhone 14 Pro,3.8,800
Sara Meyer,Apple iPad Air,4.5,400
Mrs. Tonya Boone,Oneplus 12r,4.5,700
Stephanie Parker,iPhone 14 Pro,4.6,800
Robert Jacobs,Samsung Galaxy S22,4.8,850
Angela Martin,iPhone 15 Pro,4.2,1000
Alexander Davis,Google Pixel 6,4.0,700
Michael Adams,Oneplus 12r,3.9,700
Samuel Wood,Apple iPad Air,4.2,400
James Allen,Samsung Galaxy S22,4.2,850
Gina Collins,iPhone 15 Pro,3.8,1000
Margaret Evans,Google Pixel 6,4.8,700
Justin Porter,Google Pixel 6,3.6,700
Amanda Gomez DVM,iPhone 15 Pro,4.2,1000
Justin White,Samsung Galaxy S22,4.8,850
Jonathan Davis,Wireless Headphone,4.9,85
Leslie Murphy,iPhone 15 Pro,4.4,1000
Michael Gill,DeepCool Air Cooler,4.6,90
David Patterson,DeepCool Air Cooler,3.5,90
Samantha Franco,DeepCool Air Cooler,4.9,90
Jillian Howard,iPhone 15 Pro,3.9,1000
Michelle Alexander,iPhone 15 Pro,4.1,1000
Jennifer Newman,Google Pixel 6,4.4,700
Danny Turner,iPhone 14 Pro,5.0,800
Cynthia Cruz,Google Pixel 6,3.7,700
Jay Cline,Samsung Galaxy S22,4.5,850
Kayla Wilson,iPhone 15 Pro,3.8,1000
Dakota Carney,DeepCool Air Cooler,4.4,90
Debra Wright,DeepCool Air Cooler,4.0,90
Rhonda Bailey,Oneplus 12r,4.3,700
Casey Sanchez,iPhone 15 Pro,4.4,1000
Anthony Boyd,Oneplus 12r,3.6,700
Stephanie Cummings,iPhone 15 Pro,4.9,1000
Amber Anderson,iPhone 15 Pro,4.3,1000
Peter Phillips,Wireless Headphone,3.8,85
Dr. Christina Anderson,Oneplus 12r,3.8,700
Matthew Brown,iPhone 15 Pro,4.0,1000
Roy Boyle,Wireless Headphone,4.9,85
William Davis,Samsung Galaxy S22,4.0,850
Rhonda Lee,iPhone 15 Pro,4.3,1000
Charlene Sims,Samsung Galaxy S22,4.9,850
Chloe Miller,Wireless Headphone,3.7,85
Dean Bauer,Oneplus 12r,4.3,700
Kari Schroeder,Wireless Headphone,3.9,85
Sarah Rodriguez,iPhone 15 Pro,4.7,1000
Kimberly Blake,Wireless Headphone,3.6,85
Roger Smith,Samsung Galaxy S22,3.9,850
David Stevens,Wireless Headphone,4.1,85
Joshua Schwartz,DeepCool Air Cooler,4.5,90
John Hughes,DeepCool Air Cooler,4.8,90
Eric Thompson,iPhone 14 Pro,4.5,800
Michele Smith,iPhone 15 Pro,4.3,1000
Dustin Gutierrez,iPhone 15 Pro,4.5,1000
Sarah Martin,Google Pixel 6,4.9,700
John Gonzalez,Oneplus 12r,4.7,700
Alicia Wall,Google Pixel 6,5.0,700
Benjamin Smith,iPhone 14 Pro,4.9,800
Ricardo Miller,DeepCool Air Cooler,4.3,90
Justin Wolf,Wireless Headphone,4.8,85
Amanda Fox,Wireless Headphone,4.8,85
Angela Osborne,Apple iPad Air,4.3,400
Manuel Romero,Google Pixel 6,4.4,700
Jodi Wolfe,iPhone 15 Pro,4.6,1000
Eric Branch,Wireless Headphone,3.6,85
Michelle Diaz,DeepCool Air Cooler,4.6,90
Danielle Reyes,Samsung Galaxy S22,3.9,850
Sandra Riley,Wireless Headphone,3.5,85
Tamara Wilson,Wireless Headphone,4.3,85
Justin Aguilar,iPhone 15 Pro,4.7,1000
Mary Murray,iPhone 15 Pro,3.7,1000
Alexis Williams,iPhone 15 Pro,3.8,1000
Michael Grant,Google Pixel 6,4.4,700
Wesley Anderson,iPhone 14 Pro,4.2,800
Donna Hill,iPhone 15 Pro,4.3,1000
Andrea Ward,iPhone 15 Pro,3.6,1000
Christina Warren,Apple iPad Air,4.6,400
Christopher Johnson,Google Pixel 6,3.7,700
Katie Brown,Oneplus 12r,4.0,700
Shelby Cross,iPhone 15 Pro,4.2,1000
Amanda Harris,iPhone 14 Pro,4.1,800
Jennifer Simpson,DeepCool Air Cooler,4.5,90
Donald Villanueva,Wireless Headphone,3.9,85
Jessica Lamb,iPhone 15 Pro,4.4,1000
Alvin Castillo,Apple iPad Air,4.5,400
Michael Dixon,Oneplus 12r,4.7,700
Perry Edwards,Wireless Headphone,3.9,85
Robert Porter,Google Pixel 6,3.7,700
Kendra Ball,Oneplus 12r,4.1,700
Diane Nixon,DeepCool Air Cooler,4.8,90
Tyler West,Apple iPad Air,4.7,400
Raymond Harris,iPhone 14 Pro,4.2,800
Julie Adams,iPhone 14 Pro,3.6,800
Lisa James,Samsung Galaxy S22,4.0,850
Christopher Andrews,Samsung Galaxy S22,3.8,850
Ashley Hernandez,DeepCool Air Cooler,4.5,90
Susan Thompson,iPhone 15 Pro,4.8,1000
Michael Pugh,iPhone 14 Pro,4.2,800
Sally Todd,iPhone 14 Pro,3.7,800
Jose Hammond,Google Pixel 6,3.8,700
Katelyn Hernandez,Apple iPad Air,4.2,400
Emily Lewis,Apple iPad Air,3.6,400
Robin Scott,Oneplus 12r,3.5,700
Cody Schmidt,DeepCool Air Cooler,3.9,90
Kenneth Hunter,iPhone 14 Pro,4.2,800
Christopher Cole,DeepCool Air Cooler,4.1,90
Kevin Perez,Apple iPad Air,3.8,400
Derek Silva,Samsung Galaxy S22,4.6,850
Noah Brown,Apple iPad Air,3.6,400
Joseph Jones,Samsung Galaxy S22,4.2,850
Kara Wolf,iPhone 14 Pro,3.6,800
Mrs. Krista Ray,Samsung Galaxy S22,4.0,850
Robert Fitzgerald,Oneplus 12r,4.7,700
Christian Ellison,iPhone 14 Pro,4.5,800
Omar Lewis,iPhone 15 Pro,4.8,1000
Andrea Calhoun,iPhone 15 Pro,4.2,1000
Kristy Hayes,Oneplus 12r,4.4,700
Daniel Wells,Google Pixel 6,4.8,700
Lisa Trujillo,Google Pixel 6,4.7,700
Mr. Samuel Kelly,DeepCool Air Cooler,3.5,90
Douglas Henderson,Google Pixel 6,3.9,700
Tracy Parsons,Google Pixel 6,4.1,700
Kimberly Hicks,Oneplus 12r,4.6,700
Jason Lowery,iPhone 14 Pro,4.1,800
Alexander Moreno,DeepCool Air Cooler,4.0,90
Dr. Erin Jones,iPhone 15 Pro,3.8,1000
Ann Moore,Apple iPad Air,3.6,400
Spencer Young,Samsung Galaxy S22,4.4,850
Carrie Washington,iPhone 15 Pro,4.0,1000
Elizabeth Smith,iPhone 14 Pro,3.7,800
Sarah Ray,Apple iPad Air,3.6,400
Jamie Pena,Oneplus 12r,4.6,700
Susan Peters,Oneplus 12r,4.1,700
Martin Benjamin,Oneplus 12r,3.7,700
Dawn Elliott,Samsung Galaxy S22,5.0,850
David Perez,Apple iPad Air,4.5,400
John Frank,iPhone 14 Pro,5.0,800
Cynthia Richardson,Wireless Headphone,4.7,85
Dana Williams,Apple iPad Air,4.0,400
Kayla Murray,Wireless Headphone,3.6,85
Edward Jacobson,iPhone 14 Pro,5.0,800
Marissa Carter,Google Pixel 6,3.5,700
Jessica Lawson,Google Pixel 6,4.5,700
Ruth Rodgers MD,Wireless Headphone,3.9,85
Nicholas Neal,DeepCool Air Cooler,3.8,90
Thomas Russell,Oneplus 12r,4.3,700
Julia Bartlett,iPhone 15 Pro,4.2,1000
Andre Hicks,Google Pixel 6,4.1,700
Paige Smith,Oneplus 12r,4.5,700
Gary King,Oneplus 12r,4.6,700
Dr. Kathryn Blair,Apple iPad Air,4.1,400
James Mack,iPhone 15 Pro,4.3,1000
Veronica Davis,Samsung Galaxy S22,3.5,850
Jennifer Bradley,Oneplus 12r,4.6,700
Olivia Young,Apple iPad Air,4.9,400
Tonya Murray,Samsung Galaxy S22,3.9,850
Lori Gomez,Wireless Headphone,4.2,85
Karen Chandler,DeepCool Air Cooler,4.7,90
Terry Brooks,DeepCool Air Cooler,3.9,90
Kelly Pittman,Apple iPad Air,4.0,400
Shannon Robinson,Samsung Galaxy S22,3.6,850
John Camacho,iPhone 14 Pro,4.6,800
Kimberly Smith,Google Pixel 6,5.0,700
Ronald Vasquez,iPhone 15 Pro,3.9,1000
Thomas Harris,Apple iPad Air,4.5,400
Tracy White,Google Pixel 6,4.1,700
Julia Lynn,Google Pixel 6,4.3,700
Karen Smith,iPhone 15 Pro,4.3,1000
Richard Sanders,iPhone 15 Pro,3.6,1000
Mariah Nelson,iPhone 14 Pro,4.8,800
Jason Patterson,Wireless Headphone,4.9,85
Steve Gomez,Google Pixel 6,4.8,700
Jon Rodriguez,Apple iPad Air,4.6,400
Tammy White,iPhone 15 Pro,4.4,1000
Thomas Green,Samsung Galaxy S22,3.5,850
Diana Burton,DeepCool Air Cooler,4.5,90
Tonya Cook,Apple iPad Air,4.5,400
Susan Oneill,Samsung Galaxy S22,4.9,850
Richard Burke,Samsung Galaxy S22,3.6,850
Heather Adams,Wireless Headphone,4.6,85
Teresa Turner,Samsung Galaxy S22,4.0,850
David Gonzalez,Wireless Headphone,4.0,85
Corey Patel,DeepCool Air Cooler,3.7,90
Annette Le,Wireless Headphone,4.1,85
Nichole Hansen,Google Pixel 6,4.4,700
Brittney Harris,Wireless Headphone,4.2,85
Christopher Rodriguez,DeepCool Air Cooler,3.9,90
Lisa Hernandez,iPhone 15 Pro,4.4,1000
Darius Rich,Wireless Headphone,3.7,85
Anthony Robinson,Wireless Headphone,4.8,85
Jeremy Hicks,Apple iPad Air,4.3,400
Kevin Reed,Samsung Galaxy S22,3.8,850
Charles Hunter,Oneplus 12r,3.7,700
Kimberly Foley,Samsung Galaxy S22,3.9,850
Drew Johnson,Samsung Galaxy S22,3.5,850
Chelsea Rowe,Wireless Headphone,4.1,85
William Abbott,DeepCool Air Cooler,4.9,90
Mary Crawford,Apple iPad Air,4.5,400
Cheryl Porter,Oneplus 12r,3.5,700
Kayla Hall,iPhone 15 Pro,4.4,1000
Rebecca Mendoza,DeepCool Air Cooler,4.3,90
Marie Turner,Oneplus 12r,4.0,700
Shelly Ochoa,Wireless Headphone,4.5,85
Joshua Hutchinson,DeepCool Air Cooler,3.6,90
Jennifer Garcia,Oneplus 12r,3.8,700
Gary Pearson,DeepCool Air Cooler,4.6,90
Geoffrey Reed,Wireless Headphone,4.5,85
David Herrera,Google Pixel 6,3.6,700
Mr. Nathaniel Green Jr.,DeepCool Air Cooler,3.8,90
Brian Vazquez,Samsung Galaxy S22,4.1,850
Robert Johnson,Samsung Galaxy S22,4.1,850
Benjamin Ellis,Google Pixel 6,4.7,700
Joe Figueroa,Samsung Galaxy S22,3.9,850
Michelle Everett,Google Pixel 6,4.8,700
Ashley Fuller,Google Pixel 6,4.2,700
Kimberly Lopez,Wireless Headphone,3.8,85
Charlotte Berg,iPhone 15 Pro,4.8,1000
Robert Martinez,DeepCool Air Cooler,4.8,90
Dawn Kennedy,DeepCool Air Cooler,4.5,90
James Green,Google Pixel 6,4.1,700
John Sanchez,iPhone 15 Pro,4.1,1000
Scott Stevens,iPhone 14 Pro,4.8,800
Karen Faulkner,iPhone 14 Pro,4.4,800
Shannon Wheeler,Apple iPad Air,4.4,400
Tracie Campbell,DeepCool Air Cooler,4.8,90
Erin Orr,Oneplus 12r,3.8,700
Nicholas Clark,DeepCool Air Cooler,4.6,90
Michael Brown,Google Pixel 6,4.2,700
Leah Wheeler,Samsung Galaxy S22,3.7,850
Carrie Peterson,Samsung Galaxy S22,4.9,850
Ryan Schneider,Google Pixel 6,4.6,700
Jeffrey Moses,Apple iPad Air,4.6,400
Jerry Hahn,Wireless Headphone,4.2,85
Stephanie Sanchez,Google Pixel 6,3.5,700
Kenneth Spencer,DeepCool Air Cooler,3.6,90
Steve Fisher,Apple iPad Air,4.8,400
Christopher Thompson,Apple iPad Air,4.3,400
David Smith,Samsung Galaxy S22,4.6,850
Bryan Shannon,iPhone 14 Pro,4.1,800
Kimberly Duncan,Oneplus 12r,4.5,700
Christopher Adams,Wireless Headphone,3.9,85
James Webb,Google Pixel 6,4.5,700
Dawn Berg,Wireless Headphone,3.5,85
Miss Jessica Mckenzie,iPhone 15 Pro,4.2,1000
Jonathon Hall,Wireless Headphone,4.6,85
Thomas Sherman,DeepCool Air Cooler,4.5,90
Matthew Davis,iPhone 15 Pro,4.9,1000
Jesse Wheeler,Google Pixel 6,4.3,700
Gregory Preston,DeepCool Air Cooler,4.9,90
Stephanie Jones DDS,Samsung Galaxy S22,4.4,850
Justin Simmons,Google Pixel 6,4.2,700
Benjamin Wilkinson,iPhone 14 Pro,3.7,800
Samuel James,iPhone 14 Pro,3.9,800
Anthony Martinez,Samsung Galaxy S22,3.9,850
Alicia Perez,iPhone 15 Pro,4.2,1000
Tammy Dixon,DeepCool Air Cooler,4.8,90
Wanda Reynolds,Oneplus 12r,4.5,700
Thomas Jenkins,Wireless Headphone,3.8,85
Brenda Reynolds,iPhone 15 Pro,4.9,1000
Brandon Blair,Oneplus 12r,3.5,700
Destiny Meyer,Oneplus 12r,4.8,700
Joseph Saunders,iPhone 14 Pro,4.7,800
Christopher Schmitt,iPhone 15 Pro,4.4,1000
Tammy Monroe,iPhone 15 Pro,3.8,1000
Andrew Lewis,Wireless Headphone,4.2,85
Joshua Giles,iPhone 15 Pro,3.6,1000
Carol Mayer,Google Pixel 6,4.1,700
Daniel Campbell,Wireless Headphone,4.3,85
Sarah Diaz,Oneplus 12r,3.7,700
Andrew Taylor,Oneplus 12r,3.5,700
Jordan Smith,Google Pixel 6,4.1,700
Jennifer Holt,iPhone 14 Pro,5.0,800
Sandra Carney,Apple iPad Air,3.7,400
Victoria Vargas,iPhone 15 Pro,4.3,1000
Kenneth Taylor,iPhone 15 Pro,4.3,1000
Matthew Howard,Google Pixel 6,4.9,700
Aaron Salazar,DeepCool Air Cooler,4.3,90
Linda Wilson,Apple iPad Air,4.1,400
Mrs. Dawn Marquez,DeepCool Air Cooler,4.7,90
Michelle Brown,iPhone 15 Pro,4.8,1000
Andrew Bennett,DeepCool Air Cooler,3.6,90
Aaron Moore,Google Pixel 6,4.2,700
Lori Tucker,iPhone 14 Pro,4.9,800
Bryan Williams,DeepCool Air Cooler,3.6,90
Jessica Bender,Oneplus 12r,4.3,700
Dawn Martinez,iPhone 15 Pro,4.8,1000
Michael Perez,iPhone 14 Pro,4.7,800
Melanie Bailey,DeepCool Air Cooler,4.8,90
Stephanie Hurst,iPhone 15 Pro,3.6,1000
Bryan Martinez,Google Pixel 6,3.6,700
Stephen Jackson,iPhone 15 Pro,4.8,1000
Joshua Robinson,Google Pixel 6,4.3,700
Arthur Nguyen,Apple iPad Air,4.1,400
James Richards,Oneplus 12r,4.3,700
Alexander Chandler,iPhone 14 Pro,4.9,800
Fernando Meyer,iPhone 14 Pro,4.6,800
Stephanie Hall,Apple iPad Air,4.8,400
Kevin Wheeler,iPhone 14 Pro,4.1,800
Vincent Fritz,Google Pixel 6,4.0,700
Brandy Williams,DeepCool Air Cooler,3.9,90
Jonathan Ayala,Samsung Galaxy S22,3.5,850
Patrick Perez,Samsung Galaxy S22,4.4,850
Michele Adams,Google Pixel 6,4.0,700
Rhonda Harrell,iPhone 14 Pro,3.7,800
Zachary Walters,Oneplus 12r,4.1,700
John Daniels,Apple iPad Air,4.0,400
Kelly Mendoza DDS,iPhone 15 Pro,4.1,1000
Emily Craig,Oneplus 12r,3.7,700
Kristen Freeman,Oneplus 12r,3.8,700
Matthew Craig,iPhone 15 Pro,5.0,1000
Charles Rhodes,Samsung Galaxy S22,4.3,850
Kristen Barnes,iPhone 15 Pro,3.8,1000
Tiffany Hood,Samsung Galaxy S22,4.9,850
Kimberly Rodriguez,Google Pixel 6,3.5,700
Julie Perez,Wireless Headphone,3.6,85
Mary Gutierrez,Google Pixel 6,4.3,700
Michael Mayer,Apple iPad Air,3.8,400
Lance Gilbert,Wireless Headphone,4.5,85
Michelle Green,DeepCool Air Cooler,3.9,90
Nicholas Andrews,Apple iPad Air,5.0,400
Sara Arias,iPhone 15 Pro,4.7,1000
Brandon Snyder,Samsung Galaxy S22,4.9,850
Kimberly Kennedy,Wireless Headphone,4.7,85
April Pope,Wireless Headphone,4.3,85
Anthony Sullivan,Apple iPad Air,4.6,400
Amy Bates,iPhone 14 Pro,4.7,800
Elizabeth Miller,Samsung Galaxy S22,4.2,850
Mrs. Karen Delgado DDS,Samsung Galaxy S22,4.0,850
Sara Jones,Oneplus 12r,4.4,700
Michael Wilson,Oneplus 12r,3.6,700
Ricardo Small,Samsung Galaxy S22,3.9,850
Gregory Compton,Oneplus 12r,3.5,700
Spencer Rodgers,Samsung Galaxy S22,4.3,850
Guy Jackson,Wireless Headphone,4.2,85
Jacob Smith,Google Pixel 6,4.7,700
Jennifer Franklin,Wireless Headphone,4.7,85
Eric Mathews,Apple iPad Air,3.6,400
Kevin Hernandez,Wireless Headphone,4.2,85
Jacob Mckinney,iPhone 14 Pro,4.1,800
Ryan Sanders,iPhone 14 Pro,3.8,800
Christina Johnson,DeepCool Air Cooler,4.5,90
Samantha Daniels,iPhone 15 Pro,3.8,1000
William Collins,Oneplus 12r,4.2,700
Benjamin Wallace,iPhone 14 Pro,4.4,800
Carrie Morgan,Samsung Galaxy S22,4.1,850
Derek Franklin,Google Pixel 6,4.2,700
William Cooper,iPhone 14 Pro,4.8,800
Chelsey Casey,Apple iPad Air,4.4,400
Ryan Hernandez,Wireless Headphone,4.4,85
Keith Bond,Wireless Headphone,4.3,85
Monica Anderson,Samsung Galaxy S22,4.2,850
Diane Johnson,Apple iPad Air,4.9,400
Allen Edwards,iPhone 15 Pro,4.4,1000
Vicki Turner,Google Pixel 6,3.6,700
Nancy Lee,iPhone 15 Pro,4.5,1000
Lauren Smith,Samsung Galaxy S22,4.1,850
Savannah Bryant,Google Pixel 6,4.2,700
Melissa Dickerson,Apple iPad Air,4.7,400
Cody Steele,Oneplus 12r,4.7,700
Jasmine Dominguez,DeepCool Air Cooler,4.3,90
Anna Everett,Apple iPad Air,3.8,400
Tommy Patterson,Wireless Headphone,3.7,85
Joseph Pennington,DeepCool Air Cooler,4.5,90
Sarah Jackson,Wireless Headphone,4.4,85
Miranda Long,DeepCool Air Cooler,3.9,90
Maria Becker,iPhone 15 Pro,4.6,1000
Timothy Palmer,DeepCool Air Cooler,4.6,90
Robert Mcpherson,Google Pixel 6,4.9,700
Elizabeth Mcdonald,iPhone 14 Pro,4.1,800
Thomas Willis,DeepCool Air Cooler,4.2,90
Alisha Pierce,Google Pixel 6,4.6,700
Bruce Miller,iPhone 15 Pro,4.2,1000
Hailey Gibson,Google Pixel 6,4.7,700
Jeffrey Russell,Samsung Galaxy S22,5.0,850
Susan Lindsey,iPhone 14 Pro,3.5,800
Patrick Baker,iPhone 14 Pro,3.6,800
David Klein,Wireless Headphone,4.3,85
Kendra Rangel,Apple iPad Air,3.7,400
Eugene Wood,DeepCool Air Cooler,5.0,90
Brian Barron,Apple iPad Air,3.7,400
Amy Norris,iPhone 15 Pro,4.2,1000
Kristen Odom,Oneplus 12r,4.7,700
Leah Hoffman,Oneplus 12r,4.9,700
Jeffrey Scott,Apple iPad Air,3.6,400
Christian Wolfe,iPhone 14 Pro,4.1,800
Steven Carson,Wireless Headphone,3.7,85
Terry Paul,Samsung Galaxy S22,3.7,850
Erin Hernandez,Oneplus 12r,3.7,700
Tyler Barnes,Samsung Galaxy S22,4.5,850
Kelly Taylor,Wireless Headphone,4.5,85
Allen Watts,DeepCool Air Cooler,3.6,90
Ashley Pearson,Wireless Headphone,4.6,85
Kelly Fuller,iPhone 14 Pro,4.0,800
Danielle Wheeler,Oneplus 12r,3.8,700
Jesus Gordon,Apple iPad Air,4.6,400
Christina Vazquez,DeepCool Air Cooler,3.6,90
Brandi Carr,Oneplus 12r,3.9,700
Bradley Miles,Google Pixel 6,3.6,700
Katherine Kennedy,Google Pixel 6,3.8,700
Erin Cook,Oneplus 12r,4.5,700
Stephanie Miller,iPhone 15 Pro,4.8,1000
Deborah Marshall,iPhone 14 Pro,3.9,800
Kelly James,Samsung Galaxy S22,4.4,850
Christina Pearson,Google Pixel 6,4.2,700
Lisa Burns MD,DeepCool Air Cooler,4.0,90
Zachary Perry,Samsung Galaxy S22,3.8,850
Linda Carey,Samsung Galaxy S22,4.0,850
Joseph Valdez,Wireless Headphone,4.6,85
Dylan Robinson,Samsung Galaxy S22,4.3,850
Anthony Buchanan,iPhone 15 Pro,4.3,1000
Mallory Morris,iPhone 15 Pro,4.9,1000
Carol Hall,Samsung Galaxy S22,4.4,850
Zachary Ellis,Google Pixel 6,4.1,700
Connie Thomas PhD,Apple iPad Air,4.1,400
Norman Sanders,Apple iPad Air,4.3,400
Jennifer Parks,Google Pixel 6,4.1,700
Amanda Mitchell,Apple iPad Air,4.0,400
William Dawson,Samsung Galaxy S22,4.8,850
Cassie Hinton,iPhone 15 Pro,4.2,1000
Brett Ramirez,Wireless Headphone,3.8,85
Mark Mendez,DeepCool Air Cooler,4.2,90
Cynthia Watson,DeepCool Air Cooler,3.9,90
Patricia Jackson,iPhone 15 Pro,3.7,1000
Jessica Stewart,Wireless Headphone,4.2,85
Kyle Thompson,Samsung Galaxy S22,4.4,850
Richard Guerrero,Samsung Galaxy S22,3.7,850
Justin Cruz,Oneplus 12r,3.6,700
Patricia Ballard,Oneplus 12r,4.3,700
Mary Murphy,Apple iPad Air,4.1,400
Ashley Gallagher,Apple iPad Air,4.5,400
Kimberly Jacobson,Wireless Headphone,3.5,85
Tristan Mccormick,Apple iPad Air,4.8,400
Paula Williams,iPhone 15 Pro,4.3,1000
Daniel Mckenzie,Google Pixel 6,4.0,700
Natasha Ward,Samsung Galaxy S22,4.7,850
Stephen Adams,Samsung Galaxy S22,4.4,850
Martin Kidd,iPhone 15 Pro,4.1,1000
Richard Gibbs,Samsung Galaxy S22,4.4,850
Tara Lopez,Wireless Headphone,4.3,85
Amber Horn,Apple iPad Air,4.4,400
Mr. James Rodriguez,DeepCool Air Cooler,4.0,90
Amy Berry,iPhone 14 Pro,4.7,800
Angela Bishop,Samsung Galaxy S22,4.8,850
Jennifer Klein,Samsung Galaxy S22,4.8,850
Laura Shelton,iPhone 15 Pro,4.0,1000
Paul Rodgers,Samsung Galaxy S22,4.2,850
Teresa Carney,DeepCool Air Cooler,3.9,90
Danielle Johnson,iPhone 14 Pro,4.3,800
Keith Bowers,Oneplus 12r,4.3,700
Mitchell Cameron,Oneplus 12r,4.5,700
Caroline Burns,Apple iPad Air,3.6,400
Valerie Perez,iPhone 15 Pro,4.0,1000
Wanda Castro,Wireless Headphone,3.6,85
Susan Kelly,Apple iPad Air,3.9,400
Brian Mendoza,Wireless Headphone,3.9,85
Anita Mcdonald,iPhone 15 Pro,4.1,1000
Steven Andrews,Samsung Galaxy S22,4.8,850
Kenneth Diaz,iPhone 14 Pro,4.7,800
Christopher Mueller,Wireless Headphone,4.9,85
Debra Franklin,Oneplus 12r,4.3,700
Kelly Peck,Google Pixel 6,3.6,700
Mr. Tyrone Fuller,iPhone 15 Pro,4.7,1000
April Anderson,DeepCool Air Cooler,4.0,90
Jennifer Mason,iPhone 15 Pro,3.7,1000
Christopher Wade,Oneplus 12r,4.0,700
Brandi Butler,DeepCool Air Cooler,4.5,90
Ronald Bean,Google Pixel 6,4.0,700
Ruth Wang,iPhone 15 Pro,4.9,1000
Richard Sherman,iPhone 14 Pro,4.2,800
Kathleen Gilbert,Samsung Galaxy S22,4.5,850
John Wyatt,Wireless Headphone,4.7,85
Savannah Ramirez,Samsung Galaxy S22,4.0,850
Jessica Gould,iPhone 14 Pro,3.5,800
Mrs. Linda Moore,DeepCool Air Cooler,4.3,90
Jordan Larson,Apple iPad Air,4.5,400
Brianna Weber,iPhone 14 Pro,4.4,800
Erik Mcclain,Google Pixel 6,3.7,700
Aaron Peterson,DeepCool Air Cooler,3.8,90
Rhonda Baker,DeepCool Air Cooler,4.1,90
Jeffrey Aguilar,Google Pixel 6,4.7,700
Bob Jackson,Google Pixel 6,4.8,700
April Barajas,Apple iPad Air,3.6,400
Joshua Bryant,Oneplus 12r,3.7,700
Mary Mcclure,Samsung Galaxy S22,4.8,850
Kyle Shaw,Google Pixel 6,5.0,700
Donna Swanson,Oneplus 12r,4.9,700
Robert Lee,Apple iPad Air,4.4,400
Steven Thomas,iPhone 15 Pro,3.7,1000
Michele Hebert,Google Pixel 6,4.3,700
Brandon Smith,iPhone 15 Pro,5.0,1000
Megan Peterson,Wireless Headphone,4.7,85
Chase Martinez,Google Pixel 6,4.1,700
Rebecca Guerra,DeepCool Air Cooler,4.0,90
Jeffrey Rodriguez,iPhone 14 Pro,3.7,800
Andrea Wood,Oneplus 12r,4.2,700
Daniel Jones,Google Pixel 6,3.9,700
Kathy Brooks,Samsung Galaxy S22,4.1,850
Mary Cunningham,Samsung Galaxy S22,3.5,850
Keith Levine,Wireless Headphone,4.0,85
Stephanie Allen,Oneplus 12r,3.9,700
Adam Perez,Samsung Galaxy S22,4.9,850
Maria Johnson,Wireless Headphone,4.4,85
Mr. Raymond Bruce,Oneplus 12r,4.0,700
Adrian Gomez,Apple iPad Air,3.9,400
Michael Gonzalez,Oneplus 12r,4.5,700
James Stone,Wireless Headphone,4.6,85
Stephanie Chapman,Apple iPad Air,4.4,400
Jessica Hall,Samsung Galaxy S22,4.0,850
Patrick Cunningham,Google Pixel 6,3.5,700
Erin Lynch,Samsung Galaxy S22,3.6,850
Walter Wright,Samsung Galaxy S22,4.7,850
Timothy Black,iPhone 14 Pro,4.0,800
Christine Herman,Wireless Headphone,4.9,85
Jeffrey Wilson,Google Pixel 6,3.9,700
Yolanda Smith,Oneplus 12r,4.8,700
Darrell Hood,iPhone 14 Pro,4.2,800
Mary Brown,Samsung Galaxy S22,4.9,850
Jessica Davis,Oneplus 12r,4.9,700
Misty Valdez DDS,Samsung Galaxy S22,4.0,850
Charles Gutierrez,iPhone 15 Pro,4.1,1000
James Mayo DVM,Apple iPad Air,4.3,400
Nicholas Benton,Apple iPad Air,3.8,400
Sara Aguilar,Oneplus 12r,3.6,700
Ryan Miller,Google Pixel 6,4.7,700
Bruce Lopez,DeepCool Air Cooler,4.8,90
Jessica Smith,Wireless Headphone,4.8,85
Jeremy Downs,Google Pixel 6,3.7,700
Nathaniel Marsh,iPhone 14 Pro,3.8,800
Eric Davis III,iPhone 14 Pro,4.3,800
Mason Chapman,Wireless Headphone,4.8,85
Darlene Taylor,Oneplus 12r,4.1,700
Brian Green,Samsung Galaxy S22,5.0,850
Joseph Moore,Apple iPad Air,4.8,400
Michael Perez,iPhone 15 Pro,4.1,1000
Alexander Peters,Samsung Galaxy S22,4.3,850
Andrea King,iPhone 14 Pro,3.7,800
Emily Anderson,Wireless Headphone,4.8,85
Ryan Blake,iPhone 15 Pro,4.3,1000
Kaitlin Barnes,iPhone 15 Pro,4.7,1000
Julie Zuniga,Wireless Headphone,3.7,85
Gary Stein,Apple iPad Air,4.3,400
Kelly Olson,iPhone 14 Pro,4.8,800
Eric Higgins,Apple iPad Air,4.2,400
Jacob Sanders,Oneplus 12r,4.2,700
John Reed,Wireless Headphone,4.7,85
Amy Smith,Samsung Galaxy S22,3.6,850
Jennifer Mckenzie,Samsung Galaxy S22,4.0,850
Jenna Johnson,iPhone 14 Pro,4.6,800
Stephanie Frank DVM,Apple iPad Air,4.3,400
Troy Long,iPhone 14 Pro,4.4,800
Mary Smith,Wireless Headphone,3.9,85
Beth Ingram,Oneplus 12r,4.6,700
Joshua Williams,DeepCool Air Cooler,4.2,90
Kevin Dixon,Oneplus 12r,4.7,700
Clarence Brown,Apple iPad Air,5.0,400
Cheryl Williams,iPhone 15 Pro,4.8,1000
Mr. Andrew Wood,iPhone 15 Pro,4.4,1000
James Duncan,iPhone 14 Pro,4.3,800
Michelle Kaufman MD,Google Pixel 6,3.6,700
Curtis Romero,Apple iPad Air,4.2,400
John Rodriguez,Google Pixel 6,4.7,700
Victor Wheeler,Apple iPad Air,3.5,400
Dwayne Perkins,Samsung Galaxy S22,3.9,850
Oscar Thompson,Wireless Headphone,4.7,85
Amy Webb,Wireless Headphone,4.1,85
Edward Young,iPhone 15 Pro,3.5,1000
Bradley Collins,Oneplus 12r,3.5,700
Mike Brown,Apple iPad Air,3.7,400
Joseph Obrien,Samsung Galaxy S22,4.2,850
Sandra Berry,iPhone 15 Pro,4.3,1000
Lisa Powers,DeepCool Air Cooler,3.5,90
Thomas Stafford,iPhone 15 Pro,3.7,1000
Robert Cantu,Google Pixel 6,4.7,700
Melissa Owens,iPhone 15 Pro,4.8,1000
Ana Thompson,Samsung Galaxy S22,4.8,850
Malik Phillips,Oneplus 12r,4.4,700
Shane Johnson MD,Oneplus 12r,4.0,700
Ian Vega,iPhone 14 Pro,4.0,800
Stephen Haynes,iPhone 14 Pro,4.0,800
Timothy Cummings,Apple iPad Air,3.8,400
Stacey Johnson,Samsung Galaxy S22,4.2,850
Tina Ramsey,Samsung Galaxy S22,3.6,850
Susan Smith,iPhone 15 Pro,4.4,1000
Julie Calhoun,iPhone 14 Pro,3.8,800
James Wagner,Samsung Galaxy S22,4.1,850
Daryl Higgins,Apple iPad Air,4.8,400
George Smith,Google Pixel 6,3.8,700
Mr. Ronald Mcfarland DDS,Oneplus 12r,4.7,700
Rachel Dougherty,DeepCool Air Cooler,4.1,90
Brittany Pope,DeepCool Air Cooler,4.1,90
David Montgomery,DeepCool Air Cooler,4.5,90
Kelly Deleon,Oneplus 12r,4.6,700
Brian Shaw,Wireless Headphone,3.6,85
Robert Gilmore,Google Pixel 6,3.8,700
Joseph Petty,DeepCool Air Cooler,3.6,90
Scott Harmon,Wireless Headphone,4.6,85
Dr. Jeff Thompson,Oneplus 12r,4.6,700
Lori Cook,iPhone 15 Pro,3.7,1000
Andrea Miller,Oneplus 12r,3.9,700
Courtney Estrada,Wireless Headphone,4.9,85
Robert Taylor,iPhone 15 Pro,4.5,1000
Eric Sandoval,DeepCool Air Cooler,4.0,90
Mary Hall,iPhone 14 Pro,4.7,800
Donna Juarez,Google Pixel 6,4.7,700
Bob Preston,DeepCool Air Cooler,3.9,90
Suzanne Roach,DeepCool Air Cooler,4.9,90
Brenda Turner,Apple iPad Air,3.9,400
Brandon Jones,Wireless Headphone,3.9,85
Daniel Crane,iPhone 15 Pro,4.8,1000
Caleb White,iPhone 15 Pro,3.6,1000
Harold Stevens,DeepCool Air Cooler,4.6,90
Janice Sims,iPhone 15 Pro,4.1,1000
Miss Karen Callahan,DeepCool Air Cooler,4.5,90
Aaron Hodges,Apple iPad Air,3.9,400
James Scott,Samsung Galaxy S22,4.6,850
Norman Huang,iPhone 15 Pro,4.5,1000
Karen Thomas,Oneplus 12r,4.3,700
Jasmine Morgan,Google Pixel 6,3.8,700
Kelly Roberts,Oneplus 12r,3.7,700
Crystal Scott,Wireless Headphone,3.6,85
Matthew Moran,Apple iPad Air,4.3,400
Tara Burton,iPhone 15 Pro,4.6,1000
Michele Green,iPhone 14 Pro,3.7,800
John Walker,DeepCool Air Cooler,3.7,90
Karen Cooper,Wireless Headphone,4.6,85
Jason Hanna,Apple iPad Air,4.9,400
Pamela Hughes,iPhone 15 Pro,4.3,1000
Christopher Vargas,Apple iPad Air,4.8,400
Allison Ortiz,Oneplus 12r,4.7,700
Kelsey Hammond,Wireless Headphone,4.4,85
Molly Harrison,iPhone 15 Pro,4.8,1000
Jose Underwood,Wireless Headphone,3.7,85
Michael Bean,Apple iPad Air,4.1,400
John Cowan,Wireless Headphone,3.9,85
Julie Fuentes,Google Pixel 6,5.0,700
Connie Massey,iPhone 15 Pro,3.5,1000
Olivia Howard,Apple iPad Air,4.9,400
Kerry Ray,DeepCool Air Cooler,4.4,90
Karen Silva,Samsung Galaxy S22,4.7,850
Jennifer Evans,iPhone 14 Pro,4.6,800
Karen Snyder,iPhone 14 Pro,4.7,800
Zachary Cooke,Samsung Galaxy S22,4.6,850
Adam Robinson,iPhone 15 Pro,4.8,1000
Tonya Smith,Apple iPad Air,4.0,400
Nicole Garrett,Wireless Headphone,4.8,85
Drew Carroll,iPhone 15 Pro,4.2,1000
Crystal Erickson,Apple iPad Air,4.0,400
Margaret Wheeler,iPhone 15 Pro,4.2,1000
Charles Gutierrez,iPhone 14 Pro,4.8,800
Sara Richardson,Oneplus 12r,4.4,700
Edward Case,Oneplus 12r,3.6,700
Olivia Cameron,DeepCool Air Cooler,4.1,90
Jeremy Flynn,DeepCool Air Cooler,4.6,90
Paul Parker,iPhone 15 Pro,3.8,1000
Michael Martin,Apple iPad Air,4.8,400
Amanda Perez,Apple iPad Air,3.9,400
Christina Smith,Apple iPad Air,4.4,400
Wendy Schultz,Google Pixel 6,4.9,700
Jacqueline Pruitt,Oneplus 12r,4.0,700
Paul Walters,iPhone 14 Pro,4.9,800
Mark Cooley,Wireless Headphone,4.5,85
Maria Sullivan,iPhone 15 Pro,4.8,1000
Angela Landry,Apple iPad Air,3.7,400
Bethany Lawrence,Apple iPad Air,5.0,400
Rachel Owens,Google Pixel 6,4.9,700
Dustin Parker,Samsung Galaxy S22,4.9,850
Jonathan Garcia,iPhone 15 Pro,4.6,1000
George Horton,iPhone 14 Pro,3.8,800
Sean Pineda MD,iPhone 15 Pro,4.0,1000
Laura Craig,Google Pixel 6,3.8,700
Tyrone Coleman,Samsung Galaxy S22,4.3,850
Shawn Brown,iPhone 14 Pro,3.6,800
Deborah Barnes,Oneplus 12r,4.8,700
Katherine Johnson,DeepCool Air Cooler,4.0,90
Corey Richardson,iPhone 14 Pro,4.7,800
Joel Thomas,Google Pixel 6,4.5,700
Chad Bond,Apple iPad Air,4.5,400
Elizabeth Hansen,Oneplus 12r,4.7,700
Tyler Martinez,DeepCool Air Cooler,4.1,90
Ian Dixon,DeepCool Air Cooler,4.3,90
Michael Palmer,iPhone 14 Pro,4.6,800
Angela Calderon,iPhone 15 Pro,4.4,1000
Tammy Gonzalez,iPhone 15 Pro,4.6,1000
Kelly Dillon,iPhone 14 Pro,4.1,800
Alicia Solomon,Samsung Galaxy S22,4.8,850
Joshua Todd,Wireless Headphone,3.5,85
Kendra Gibbs,iPhone 15 Pro,4.7,1000
Jonathan Raymond,iPhone 15 Pro,3.6,1000
William Newton,iPhone 15 Pro,4.1,1000
Nicole Sparks,iPhone 15 Pro,4.4,1000
Scott Gallegos,iPhone 14 Pro,4.4,800
Susan Young,iPhone 14 Pro,4.4,800
Joshua Johnson,iPhone 14 Pro,3.7,800
Darryl Evans,Samsung Galaxy S22,4.1,850
Michael Wilson,Samsung Galaxy S22,3.7,850
Jessica Morales,iPhone 14 Pro,4.9,800
Natalie Nguyen,Google Pixel 6,5.0,700
Melanie Johnson,iPhone 14 Pro,4.2,800
Dr. Eddie Wright,DeepCool Air Cooler,4.6,90
Jody Thomas,Apple iPad Air,3.5,400
Philip Stewart,Google Pixel 6,3.9,700
Sabrina Martin,Google Pixel 6,3.6,700
James Mendoza,Wireless Headphone,3.9,85
Kayla Wilkerson,iPhone 14 Pro,4.0,800
Nicole Henry,Oneplus 12r,4.3,700
Deborah Barker,iPhone 15 Pro,3.9,1000
Scott Fox,iPhone 14 Pro,4.0,800
Kathleen Clark,Wireless Headphone,3.7,85
Cassandra Hill,iPhone 15 Pro,3.7,1000
Jeanette Roberts,iPhone 15 Pro,4.0,1000
Jonathan Johnson,Wireless Headphone,4.2,85
Kendra Porter,Wireless Headphone,4.4,85
Kyle Morris,Wireless Headphone,4.1,85
Laura Doyle,Google Pixel 6,4.7,700
Donald Smith,iPhone 14 Pro,4.6,800
Michael Henderson,Samsung Galaxy S22,4.6,850
Tammy Byrd,iPhone 15 Pro,4.0,1000
Rhonda Brown,Oneplus 12r,3.7,700
Daniel Nguyen,Oneplus 12r,4.3,700
Brett Turner,Wireless Headphone,4.3,85
Catherine James,Wireless Headphone,4.5,85
Norma Price,Apple iPad Air,3.8,400
Edward Shepherd,iPhone 15 Pro,3.5,1000
Elizabeth Hodges,DeepCool Air Cooler,4.5,90
Craig Shah,Google Pixel 6,3.8,700
Alexis Goodman,iPhone 14 Pro,4.0,800
Susan Arroyo,Oneplus 12r,4.4,700
Kevin Dickson,DeepCool Air Cooler,4.5,90
April Mullins,iPhone 15 Pro,4.6,1000
Paul Perry,Google Pixel 6,4.4,700
Frank Hardy,Apple iPad Air,4.8,400
Christopher Romero,DeepCool Air Cooler,3.8,90
Tina Gonzalez,iPhone 14 Pro,4.9,800
Lisa Price,Google Pixel 6,3.8,700
Dawn Brooks,Google Pixel 6,4.8,700
James Ramos,Google Pixel 6,4.6,700
Catherine Rosario,iPhone 14 Pro,4.5,800
Dennis Cochran,iPhone 15 Pro,4.5,1000
Angela Lewis,Google Pixel 6,4.1,700
Donna Fuentes,Wireless Headphone,4.2,85
Lisa Aguilar,Oneplus 12r,5.0,700
Abigail Andersen,DeepCool Air Cooler,4.8,90
April Hunter,Apple iPad Air,4.7,400
David Dominguez,Apple iPad Air,4.2,400
Deborah Hardy,DeepCool Air Cooler,5.0,90
Susan Walker,Wireless Headphone,4.6,85
Drew Ross,Apple iPad Air,5.0,400
Amy Powell,Apple iPad Air,3.7,400
Erica Boone,Samsung Galaxy S22,3.6,850
Erica Brown,Samsung Galaxy S22,4.9,850
Justin Wolf,iPhone 15 Pro,4.9,1000
Donald Johnson,Google Pixel 6,4.1,700
Candace Page,iPhone 15 Pro,4.4,1000
Larry Morrison,DeepCool Air Cooler,3.8,90
Jesse Ross,DeepCool Air Cooler,3.6,90
Alexandra Wallace,Wireless Headphone,4.0,85
Jeremy Oliver,DeepCool Air Cooler,4.7,90
Ryan Cruz,iPhone 15 Pro,4.8,1000
Jonathan Patterson,iPhone 15 Pro,3.9,1000
Meredith Gordon,Samsung Galaxy S22,3.9,850
Dana Weeks,Apple iPad Air,4.0,400
Paige Prince,Google Pixel 6,4.8,700
Ryan Patterson,iPhone 15 Pro,4.6,1000
Christopher Martinez,iPhone 15 Pro,3.8,1000
Matthew Richards,Apple iPad Air,4.0,400
Brian Holt,iPhone 15 Pro,3.7,1000
Lindsey Hicks,Wireless Headphone,4.9,85
Joshua Parker,Samsung Galaxy S22,4.6,850
Joshua Perez,Samsung Galaxy S22,4.0,850
Brian Taylor,Apple iPad Air,4.7,400
Gavin Hensley,Apple iPad Air,4.1,400
Emily Johnson,Samsung Galaxy S22,4.2,850
Rachel Baker,iPhone 15 Pro,4.8,1000
Lisa Elliott,DeepCool Air Cooler,4.4,90
Joy Dickerson,DeepCool Air Cooler,4.2,90
Paul Palmer,Google Pixel 6,3.9,700
Raymond Jimenez,Wireless Headphone,3.8,85
Brandon Swanson,iPhone 14 Pro,3.6,800
Sarah Alexander,Wireless Headphone,4.3,85
Angela King,iPhone 15 Pro,3.8,1000
Dustin Curry,Google Pixel 6,4.7,700
Whitney Davis,iPhone 14 Pro,4.5,800
Lisa Robbins,iPhone 15 Pro,4.6,1000
James Hart,Wireless Headphone,4.2,85
Elizabeth Mcdonald,Oneplus 12r,4.8,700
Hunter Wallace,Wireless Headphone,4.4,85
Shawn Rhodes,Apple iPad Air,4.0,400
Sherry Harris,DeepCool Air Cooler,3.8,90
Cynthia Rodriguez,Oneplus 12r,4.0,700
Megan Thomas,Oneplus 12r,3.8,700
Margaret Smith,DeepCool Air Cooler,3.7,90
Matthew Woods,Samsung Galaxy S22,3.7,850
Devin Bailey,iPhone 15 Pro,4.3,1000
Brian Mason,DeepCool Air Cooler,4.0,90
William Jones,iPhone 14 Pro,3.7,800
Vanessa Parker,Wireless Headphone,3.7,85
Anne Hall,DeepCool Air Cooler,4.6,90
Jessica Johnson,Apple iPad Air,4.9,400
Nicholas Lawson,Apple iPad Air,4.9,400
Amber Rivas,Google Pixel 6,4.7,700
Andrea Murray,DeepCool Air Cooler,3.7,90
Candice Russell,Google Pixel 6,4.3,700
Ann Clay,iPhone 14 Pro,4.5,800
Gary Hanson,Google Pixel 6,5.0,700
Leslie Shaffer,Samsung Galaxy S22,4.3,850
Matthew Miller,DeepCool Air Cooler,3.9,90
Kenneth Kramer,Wireless Headphone,4.3,85
Allen Michael,iPhone 14 Pro,4.4,800
David Conley,Apple iPad Air,4.7,400
Daniel Avila,Wireless Headphone,4.8,85
Timothy Rodriguez,Wireless Headphone,3.9,85
Kenneth Cervantes,iPhone 15 Pro,3.9,1000
Melinda Phillips,Google Pixel 6,4.1,700
Walter Stout,DeepCool Air Cooler,4.1,90
John Craig PhD,Oneplus 12r,4.1,700
Natalie Morales,Wireless Headphone,4.8,85
Ricky Stevenson,iPhone 14 Pro,4.3,800
Ryan Brown,iPhone 14 Pro,4.6,800
Lacey Evans,Apple iPad Air,5.0,400
Michael Bell,Wireless Headphone,4.3,85
Angelica Berry,DeepCool Air Cooler,3.6,90
Benjamin Garrett,iPhone 15 Pro,4.5,1000
Zachary Dixon,Oneplus 12r,3.5,700
Savannah Walker,Google Pixel 6,3.5,700
Gregory Brown,iPhone 14 Pro,4.5,800
Carla Williams,Samsung Galaxy S22,4.7,850
Christopher Sanchez,Wireless Headphone,4.1,85
Brian Alvarez,iPhone 15 Pro,3.9,1000
Danielle Valenzuela,Samsung Galaxy S22,4.1,850
Sharon Jones,Google Pixel 6,4.5,700
Mr. Kyle Johnson,DeepCool Air Cooler,3.6,90
Jennifer Williams,Wireless Headphone,4.6,85
Mario Scott,Oneplus 12r,4.4,700
Joseph Chase,iPhone 14 Pro,4.1,800
Shelby Morgan,Samsung Galaxy S22,3.5,850
Anthony Kim,DeepCool Air Cooler,4.9,90
Jennifer Phillips,Google Pixel 6,4.3,700
Melinda Bush,Wireless Headphone,3.6,85
Joanne Sanchez DDS,Wireless Headphone,4.2,85
Adam Shepard,Wireless Headphone,4.8,85
Christopher Martin,iPhone 15 Pro,4.3,1000
Christy Thompson,Samsung Galaxy S22,4.1,850
Alexandra Long,iPhone 15 Pro,3.7,1000
Joshua Heath,iPhone 14 Pro,4.8,800
Andrew Wilson,DeepCool Air Cooler,3.6,90
Benjamin Byrd,DeepCool Air Cooler,4.0,90
Sarah Castillo,Wireless Headphone,4.3,85
Julian Williams,iPhone 15 Pro,4.5,1000
Teresa Clark,DeepCool Air Cooler,3.8,90
Emily Li,Wireless Headphone,4.8,85
Joshua Frey,Apple iPad Air,4.8,400
Tony Holt,iPhone 14 Pro,4.0,800
Carl Bryant,Oneplus 12r,4.9,700
Leroy Nelson,Wireless Headphone,4.2,85
Margaret Torres,Samsung Galaxy S22,4.8,850
Carrie Williams,Oneplus 12r,4.9,700
Andrew Adams,iPhone 14 Pro,3.8,800
Steven Sanders,Wireless Headphone,4.6,85
Miguel Brown,iPhone 15 Pro,3.9,1000
David Fisher,iPhone 15 Pro,4.3,1000
Michelle Flores,iPhone 14 Pro,4.8,800
Michelle Martinez,Apple iPad Air,4.6,400
Mike Mccoy,Google Pixel 6,3.8,700
William Brown,DeepCool Air Cooler,4.1,90
Michelle Thomas,Apple iPad Air,4.6,400
Jason White,Apple iPad Air,4.9,400
Jodi Torres,DeepCool Air Cooler,4.9,90
Tina Brown,iPhone 15 Pro,5.0,1000
Alicia Sawyer,iPhone 15 Pro,4.6,1000
Micheal Lutz,iPhone 14 Pro,4.2,800
Sean Wilson,Wireless Headphone,4.3,85
Steven Ortiz,Oneplus 12r,4.3,700
William Williams,Samsung Galaxy S22,4.7,850
Antonio Keith,DeepCool Air Cooler,4.1,90
Andrea Anderson,iPhone 14 Pro,4.9,800
Jerry Fry,Apple iPad Air,3.8,400
Christopher Weber,iPhone 14 Pro,3.6,800
Grace Aguilar,Oneplus 12r,4.7,700
Brad Payne,Samsung Galaxy S22,3.7,850
Ryan Gardner,DeepCool Air Cooler,4.1,90
Ashley Arellano,Samsung Galaxy S22,4.4,850
Mr. Eric Davidson,Oneplus 12r,3.5,700
Stephanie Cruz,DeepCool Air Cooler,4.5,90
William Scott,DeepCool Air Cooler,4.2,90
Adam Pearson,Samsung Galaxy S22,4.7,850
Jeffrey Roberts,iPhone 15 Pro,4.7,1000
Alexis Thompson,Samsung Galaxy S22,3.5,850
Brent Baker,Oneplus 12r,4.9,700
Robert Scott,Samsung Galaxy S22,4.3,850
Michelle Nguyen,DeepCool Air Cooler,4.8,90
Dana White,Samsung Galaxy S22,4.7,850
Christina Morales,iPhone 14 Pro,3.9,800
Gregory Johnson,Oneplus 12r,4.2,700
Zachary Coleman,DeepCool Air Cooler,4.3,90
Larry Stevenson,Google Pixel 6,4.9,700
Patricia Gordon,Wireless Headphone,4.8,85
Daniel Newman,DeepCool Air Cooler,4.7,90
Natasha Lowery,iPhone 14 Pro,4.3,800
Matthew Davis,Google Pixel 6,4.8,700
Gregory Hall,iPhone 14 Pro,3.6,800
Susan Robinson,DeepCool Air Cooler,3.8,90
Madison Clark,DeepCool Air Cooler,3.9,90
Jennifer Lewis,iPhone 15 Pro,4.9,1000
Joseph Bryant,Samsung Galaxy S22,3.6,850
Jennifer Johnson,Oneplus 12r,4.6,700
Anthony Richardson,Apple iPad Air,4.5,400
Sharon Duran,iPhone 15 Pro,3.9,1000
Larry Martinez,iPhone 14 Pro,3.7,800
Jessica Rogers,Samsung Galaxy S22,4.2,850
Charles Davis,DeepCool Air Cooler,3.7,90
Timothy Robinson,Wireless Headphone,4.9,85
Cynthia Lopez,iPhone 15 Pro,4.7,1000
Nicholas Hernandez,iPhone 15 Pro,4.9,1000
Nicholas Jones,Oneplus 12r,3.8,700
Todd Stevens,Wireless Headphone,4.4,85
Amy Rhodes,DeepCool Air Cooler,4.0,90
Scott Butler,iPhone 15 Pro,4.9,1000
Brittany Pope,Oneplus 12r,4.1,700
Sonia Castro,Wireless Headphone,3.8,85
Jacob Garcia,Samsung Galaxy S22,4.1,850
Rebekah Duran,Google Pixel 6,5.0,700
Lori Rhodes,Samsung Galaxy S22,4.9,850
Anthony Clark,iPhone 15 Pro,4.6,1000
Linda James,iPhone 14 Pro,4.1,800
Rachel Davis,iPhone 15 Pro,4.7,1000
Angelica Anderson,Samsung Galaxy S22,4.9,850
Frederick Hill,Wireless Headphone,4.9,85
Rachel Greene,Google Pixel 6,4.3,700
Christine Castillo,Oneplus 12r,3.5,700
Jordan Sherman,Google Pixel 6,4.1,700
Jenny Frazier,Apple iPad Air,3.6,400
Joel Stafford,iPhone 15 Pro,3.7,1000
Anne Young,Oneplus 12r,5.0,700
Paul Sullivan,Google Pixel 6,4.5,700
Paula Holden,Samsung Galaxy S22,3.5,850
Paula Davis,Google Pixel 6,4.0,700
James Clark,iPhone 15 Pro,3.8,1000
Rebecca Hernandez,Oneplus 12r,4.9,700
Daniel Reed,Wireless Headphone,5.0,85
John Gay,Samsung Galaxy S22,4.1,850
Stephanie Stewart,Google Pixel 6,4.8,700
Jacob Wilson,DeepCool Air Cooler,4.6,90
Gregory Hobbs,Wireless Headphone,4.0,85
Jonathan Larson,Samsung Galaxy S22,4.9,850
Charles Lawson,Wireless Headphone,3.6,85
Richard Strickland,iPhone 14 Pro,3.7,800
Ryan Smith,iPhone 14 Pro,3.8,800
Jonathon Robinson,iPhone 14 Pro,3.8,800
Stacey Wright,iPhone 15 Pro,4.2,1000
Cameron Bryant,Apple iPad Air,3.7,400
Rachel Tran,iPhone 14 Pro,4.7,800
Jennifer Rivera,DeepCool Air Cooler,4.0,90
Nancy Mason,Wireless Headphone,3.6,85
Christie Goodman,Wireless Headphone,4.3,85
Susan Henderson,Samsung Galaxy S22,4.8,850
Candice Howe,iPhone 15 Pro,4.7,1000
Brandon Jones,Google Pixel 6,3.6,700
Kevin Martin,Samsung Galaxy S22,4.2,850
Ariana Espinoza,Wireless Headphone,4.2,85
Lauren Sandoval,iPhone 15 Pro,4.8,1000
Steven Welch,Oneplus 12r,4.2,700
Aaron Jones,Wireless Headphone,4.2,85
Alexander Green,DeepCool Air Cooler,4.5,90
Thomas Dunn,Apple iPad Air,4.7,400
Clifford Miles,Oneplus 12r,4.0,700
Richard Rodriguez,iPhone 15 Pro,4.2,1000
Kimberly Long,Samsung Galaxy S22,3.8,850
Elizabeth Scott,Oneplus 12r,4.7,700
Curtis Knight,Wireless Headphone,4.1,85
Kathy Williamson,Apple iPad Air,3.8,400
Paige Graves,DeepCool Air Cooler,4.3,90
Michelle Harris,Samsung Galaxy S22,4.6,850
Nathan King,Oneplus 12r,4.2,700
Anthony Richard,Google Pixel 6,4.3,700
Robert Kelly,Oneplus 12r,4.4,700
Anna Manning,Samsung Galaxy S22,4.3,850
Ronald Carr,Samsung Galaxy S22,4.8,850
Nicole Drake,Samsung Galaxy S22,4.2,850
William Reed,Apple iPad Air,4.1,400
Meghan Burke,iPhone 14 Pro,4.4,800
Cheryl Cabrera,Oneplus 12r,4.7,700
Cynthia Cook,Apple iPad Air,3.8,400
Michael Flores,Apple iPad Air,3.8,400
Rachael Pena,Apple iPad Air,4.0,400
Donna James,DeepCool Air Cooler,4.6,90
Nicole Mendoza,Samsung Galaxy S22,4.3,850
Anne Jones,DeepCool Air Cooler,4.9,90
Brandy Holmes MD,DeepCool Air Cooler,4.7,90
Jessica Barber,Samsung Galaxy S22,4.1,850
Robert Sanders,iPhone 15 Pro,4.5,1000
Ashley Farley,Samsung Galaxy S22,4.6,850
Jacqueline Porter,Apple iPad Air,3.7,400
Paul Rose,Apple iPad Air,4.6,400
Kelly Evans,Oneplus 12r,4.3,700
Mr. Daniel Cantu,Oneplus 12r,4.6,700
Wendy Wilson,Apple iPad Air,3.9,400
Daniel Bender,iPhone 15 Pro,4.3,1000
Sherry Martin,Google Pixel 6,4.5,700
Bruce Myers,Samsung Galaxy S22,4.4,850
Jeremy Fuller,Samsung Galaxy S22,3.6,850
Jennifer Griffith,iPhone 15 Pro,4.1,1000
Samuel Carter,DeepCool Air Cooler,5.0,90
Elizabeth Jones,Apple iPad Air,4.1,400
Richard Larsen,Samsung Galaxy S22,4.8,850
Christopher Farmer,DeepCool Air Cooler,3.6,90
Jonathan Maynard,DeepCool Air Cooler,3.9,90
Dana Smith,Apple iPad Air,4.2,400
William Bradley,Wireless Headphone,4.5,85
Janice Stewart,DeepCool Air Cooler,4.9,90
Joseph Mann,Apple iPad Air,3.8,400
Kimberly Moss,Google Pixel 6,4.1,700
Ricky White,Wireless Headphone,4.1,85
Carrie Fields,iPhone 15 Pro,3.7,1000
Brian Ortiz,DeepCool Air Cooler,3.9,90
Maria Murphy,Apple iPad Air,4.4,400
Laura Robertson,Samsung Galaxy S22,4.2,850
John Moody,iPhone 14 Pro,3.9,800
Jennifer Anderson,DeepCool Air Cooler,4.1,90
Alex Murray,DeepCool Air Cooler,3.7,90
Michelle Bishop,iPhone 14 Pro,3.8,800
Michael Brooks,iPhone 14 Pro,4.3,800
Heather Vega,Oneplus 12r,4.0,700
Sandra Mitchell,Samsung Galaxy S22,4.6,850
James Hawkins,Samsung Galaxy S22,3.9,850
Ryan Shaw,DeepCool Air Cooler,3.5,90
Erin Petersen,Google Pixel 6,3.8,700
Molly Herman,iPhone 15 Pro,4.2,1000
Laurie Lee,Samsung Galaxy S22,5.0,850
Claudia Brown,Apple iPad Air,4.9,400
Jeremy Hansen,Wireless Headphone,3.8,85
Alicia Montgomery,iPhone 14 Pro,4.5,800
Shawn Brown,Samsung Galaxy S22,4.6,850
Marissa Brown,Google Pixel 6,4.0,700
Charles Casey,iPhone 14 Pro,4.9,800
Anthony Freeman MD,Samsung Galaxy S22,4.0,850
Caroline Ellis,Samsung Galaxy S22,4.1,850
Kayla Campbell,Google Pixel 6,4.2,700
Ricky Black,iPhone 15 Pro,4.9,1000
John Martinez,DeepCool Air Cooler,4.1,90
Paul Jimenez,iPhone 14 Pro,4.5,800
Jessica Shepherd,Google Pixel 6,3.6,700
Joshua Maxwell,iPhone 14 Pro,4.7,800
Paula Hughes,iPhone 14 Pro,3.7,800
Matthew Hubbard,Oneplus 12r,4.8,700
Sarah Navarro,iPhone 15 Pro,4.1,1000
Paul Pennington,Wireless Headphone,3.6,85
Sandra Collins,Apple iPad Air,4.5,400
Lisa Jones,iPhone 15 Pro,4.1,1000
Michael Holt,Samsung Galaxy S22,3.7,850
Douglas Beck,DeepCool Air Cooler,4.1,90
Ashley Acevedo,Oneplus 12r,3.9,700
Thomas Huerta,DeepCool Air Cooler,4.8,90
Erica Evans,iPhone 14 Pro,4.3,800
Linda Bright,Wireless Headphone,4.6,85
Dr. Michael Delacruz,Apple iPad Air,3.5,400
Shawn Johnson,Apple iPad Air,3.7,400
Erika Grant,iPhone 15 Pro,4.4,1000
Courtney Thomas,Wireless Headphone,4.5,85
Kimberly Barron,Apple iPad Air,4.8,400
Hannah Smith,Apple iPad Air,5.0,400
David Gay,Samsung Galaxy S22,3.7,850
Katie Hobbs,Wireless Headphone,4.2,85
Laurie Evans,iPhone 15 Pro,4.8,1000
Jacob Cole,Google Pixel 6,4.2,700
Russell Wall,DeepCool Air Cooler,3.9,90
Sean Rodriguez,DeepCool Air Cooler,4.5,90
Jeremy Thomas,iPhone 15 Pro,4.0,1000
Amanda Huang,Samsung Galaxy S22,3.8,850
Teresa Reynolds DVM,DeepCool Air Cooler,3.6,90
Justin Cooper,DeepCool Air Cooler,4.1,90
Harold Rodriguez,iPhone 15 Pro,3.6,1000
Robert Christian,iPhone 14 Pro,4.0,800
Kimberly Thomas,iPhone 14 Pro,3.6,800
Keith Garcia,Google Pixel 6,4.0,700
Amber Ellis,iPhone 15 Pro,4.8,1000
Mark Berry,Oneplus 12r,3.8,700
Joseph Sanchez,Apple iPad Air,4.6,400
Jeremy Meyer,iPhone 14 Pro,3.5,800
Mr. Michael Stanley MD,Samsung Galaxy S22,4.4,850
Brent Jones,Oneplus 12r,4.2,700
Matthew Thomas,Wireless Headphone,4.0,85
Roy Brown,Oneplus 12r,4.0,700
Suzanne Chung,Apple iPad Air,4.0,400
Crystal Cooper,Samsung Galaxy S22,3.8,850
Timothy Jones,Oneplus 12r,4.7,700
Jose Rodriguez,Wireless Headphone,4.5,85
Paul Gordon,DeepCool Air Cooler,4.7,90
Dominic Howard,DeepCool Air Cooler,4.9,90
Danielle Davis,Apple iPad Air,4.4,400
Paula Brown,Google Pixel 6,4.5,700
Charles Browning,iPhone 14 Pro,4.1,800
Nicholas Wade,Samsung Galaxy S22,4.3,850
Natalie Scott,Samsung Galaxy S22,4.4,850
Sandra Harrington,iPhone 15 Pro,4.7,1000
Daniel Barnes,Google Pixel 6,3.6,700
Carlos Jones,Google Pixel 6,5.0,700
Angela Schwartz,Wireless Headphone,3.8,85
Dylan Jones,Oneplus 12r,4.7,700
Tiffany Smith,Wireless Headphone,4.8,85
Andre Hodges,DeepCool Air Cooler,3.8,90
Madison Perez,Google Pixel 6,4.8,700
Monica Meadows,Oneplus 12r,4.5,700
Angel Cobb,Wireless Headphone,4.6,85
Timothy Norris,Google Pixel 6,4.2,700
Crystal Miller,Samsung Galaxy S22,4.5,850
Brett Ryan,Samsung Galaxy S22,4.4,850
Lisa Espinoza,iPhone 14 Pro,4.7,800
Lisa Coleman,Google Pixel 6,4.5,700
Monica Atkins,Google Pixel 6,4.1,700
Mark Patton,Apple iPad Air,3.8,400
Michael Mccall,Oneplus 12r,4.8,700
Joseph Allen,Wireless Headphone,5.0,85
Dana Clark,iPhone 14 Pro,3.8,800
Jerry Phillips,iPhone 15 Pro,4.1,1000
Jesus Hanna,Oneplus 12r,3.5,700
Jason Vincent,DeepCool Air Cooler,4.6,90
Sean Walker,Google Pixel 6,4.8,700
Elizabeth Goodman,iPhone 15 Pro,4.4,1000
Daniel Taylor,Apple iPad Air,5.0,400
Richard Barry,iPhone 14 Pro,3.5,800
Wendy Rubio,Google Pixel 6,3.5,700
Jennifer Ryan,iPhone 15 Pro,4.1,1000
Christopher Johnson,Samsung Galaxy S22,3.8,850
Stephanie Padilla,Samsung Galaxy S22,3.9,850
Laura Mullins,Oneplus 12r,4.1,700
Susan Evans,Samsung Galaxy S22,4.2,850
Brianna Black,Samsung Galaxy S22,3.9,850
Jason Wu,Oneplus 12r,4.6,700
Heather Hooper,Wireless Headphone,3.6,85
Christina Guzman,DeepCool Air Cooler,4.2,90
Mary Smith,Apple iPad Air,5.0,400
Joshua Austin,Apple iPad Air,5.0,400
Cindy Contreras,Google Pixel 6,4.1,700
Kristin Smith,Apple iPad Air,4.0,400
James Lewis,iPhone 14 Pro,3.9,800
Thomas Wilson,iPhone 14 Pro,4.7,800
Jonathan Nelson,DeepCool Air Cooler,3.6,90
Anthony Andrews,Apple iPad Air,4.2,400
John Ortiz,DeepCool Air Cooler,3.7,90
Lindsay Hall,DeepCool Air Cooler,4.7,90
Yolanda Kramer,Samsung Galaxy S22,4.6,850
Daniel Black,iPhone 14 Pro,4.7,800
Angela Miller,Apple iPad Air,3.8,400
Caleb Perez,DeepCool Air Cooler,3.7,90
Timothy Howell,Apple iPad Air,3.5,400
Evelyn Greer,iPhone 15 Pro,4.0,1000
Michele Richards,Wireless Headphone,4.3,85
Michael Figueroa,Oneplus 12r,4.5,700
Mark Gomez,iPhone 14 Pro,4.0,800
Rachel Carlson,iPhone 14 Pro,4.7,800
Amy Kelly,Apple iPad Air,4.7,400
Elizabeth Stein,Google Pixel 6,3.7,700
Debra Barnes,Wireless Headphone,3.7,85
Stephanie Cunningham,Apple iPad Air,4.3,400
Curtis Hernandez,Wireless Headphone,4.4,85
Christopher Pittman,iPhone 14 Pro,4.5,800
Dylan Miller,Samsung Galaxy S22,3.7,850
Timothy Bradshaw,Google Pixel 6,4.6,700
Karen Martin,iPhone 15 Pro,4.0,1000
Jessica Morris,Oneplus 12r,3.9,700
David Hart,Wireless Headphone,4.1,85
John Roman,iPhone 14 Pro,4.7,800
Rebecca Wilson,Wireless Headphone,3.6,85
Kelly Knight,iPhone 14 Pro,5.0,800
Ashley Harris,Oneplus 12r,4.5,700
David Williams,Samsung Galaxy S22,4.8,850
Kevin Allen,Google Pixel 6,5.0,700
Frank Jones,DeepCool Air Cooler,4.1,90
Anthony Moore,Wireless Headphone,4.5,85
Jennifer White,Apple iPad Air,4.4,400
Jeremy Smith,Oneplus 12r,4.3,700
Pamela Brown,Apple iPad Air,4.8,400
Christopher Miller,iPhone 15 Pro,4.8,1000
Mary Martin,iPhone 15 Pro,3.6,1000
Travis Coleman,iPhone 14 Pro,4.9,800
Richard Reed,Wireless Headphone,4.4,85
Daniel Ford,DeepCool Air Cooler,3.8,90
Darin Walters,iPhone 14 Pro,4.9,800
Carl Reeves,iPhone 14 Pro,5.0,800
Kristen Peters,DeepCool Air Cooler,4.0,90
Jaclyn Figueroa,Apple iPad Air,3.7,400
Jacob Henry,Samsung Galaxy S22,3.9,850
Nicole Stevens,Oneplus 12r,4.5,700
Edwin Howard,iPhone 14 Pro,4.9,800
Hannah Mckinney,iPhone 14 Pro,4.6,800
Brooke Gordon,Google Pixel 6,4.6,700
Catherine Pope,Oneplus 12r,4.1,700
Gloria Anderson,Apple iPad Air,3.7,400
Craig Henderson,Samsung Galaxy S22,3.5,850
Amanda Martin,Samsung Galaxy S22,3.7,850
Jennifer Terry,iPhone 15 Pro,4.6,1000
Jennifer Nolan,Oneplus 12r,4.7,700
Deborah Mclaughlin,Wireless Headphone,4.1,85
Andrew Miller,iPhone 15 Pro,4.8,1000
Nicole Curtis,Apple iPad Air,4.8,400
Anthony Carpenter,Oneplus 12r,4.1,700
Jermaine Mays,Samsung Galaxy S22,4.9,850
Tiffany Nichols,Wireless Headphone,4.4,85
Justin Myers,Oneplus 12r,4.9,700
William Fry,Samsung Galaxy S22,4.9,850
Mrs. Yesenia Benjamin,DeepCool Air Cooler,5.0,90
Kari Cook,Oneplus 12r,4.9,700
Kelly Park,iPhone 14 Pro,4.0,800
Dr. Robert Green,Google Pixel 6,4.4,700
Allison Valencia,Oneplus 12r,4.8,700
Julia Nelson,Oneplus 12r,4.1,700
Joshua Hernandez,Samsung Galaxy S22,4.8,850
Jacob Hoffman,iPhone 15 Pro,5.0,1000
Sharon Watkins,iPhone 14 Pro,4.7,800
Thomas Friedman,DeepCool Air Cooler,4.3,90
Lisa Miller,Google Pixel 6,4.6,700
Jesus Dudley,Google Pixel 6,3.6,700
Steven Schroeder,Oneplus 12r,4.9,700
Corey Rosario,DeepCool Air Cooler,4.7,90
Sharon Orr,Oneplus 12r,4.8,700
John Villarreal,Apple iPad Air,3.7,400
Mario Valdez,Oneplus 12r,4.4,700
Kenneth Moreno,Google Pixel 6,4.6,700
Richard Thornton,Google Pixel 6,4.5,700
Kevin Ward,iPhone 14 Pro,3.8,800
Angela Manning,Apple iPad Air,3.5,400
Kelly Lewis,Wireless Headphone,4.6,85
Emily Phelps,Wireless Headphone,4.2,85
Steven Vaughn,Google Pixel 6,4.8,700
Lisa Nguyen,iPhone 15 Pro,3.7,1000
Diana Bell,Wireless Headphone,4.8,85
Michael Madden,Oneplus 12r,4.0,700
Joseph Davis,Apple iPad Air,3.9,400
Megan Spencer,Oneplus 12r,4.7,700
Christian Robbins,Samsung Galaxy S22,4.2,850
Mason Jackson,Wireless Headphone,4.3,85
Christopher Morgan,DeepCool Air Cooler,3.8,90
Corey Reeves,Google Pixel 6,4.7,700
Jody Johnson,Wireless Headphone,3.8,85
David Taylor,Samsung Galaxy S22,4.5,850
Rachel Taylor,Oneplus 12r,4.7,700
Cory Norris,Wireless Headphone,3.7,85
Elizabeth Hall,Samsung Galaxy S22,3.8,850
Mark Johnson,Oneplus 12r,4.7,700
Mr. Douglas Johnson,Oneplus 12r,5.0,700
Charles Reeves,Wireless Headphone,3.6,85
Kevin Kim,Apple iPad Air,4.1,400
Charles Olson,Oneplus 12r,4.6,700
Brandy Torres,Samsung Galaxy S22,4.5,850
Bryan Lyons,iPhone 15 Pro,3.7,1000
James Hicks,Wireless Headphone,4.2,85
Scott Dixon,DeepCool Air Cooler,4.7,90
Laura Johnson,iPhone 14 Pro,4.5,800
Richard Sanchez,iPhone 14 Pro,4.5,800
Megan Garcia,Oneplus 12r,4.5,700
Carmen Liu,iPhone 15 Pro,3.7,1000
Jason Gonzalez,Apple iPad Air,4.0,400
Jessica Curtis,DeepCool Air Cooler,3.7,90
Christina Lee,Oneplus 12r,3.8,700
Michael Reid,Google Pixel 6,4.1,700
Raymond Drake,Wireless Headphone,4.6,85
Shirley Lloyd,Wireless Headphone,3.9,85
Whitney Fox,Google Pixel 6,3.5,700
Maria Gray,Google Pixel 6,4.8,700
Nancy Cabrera,Google Pixel 6,3.7,700
Joseph Tran,Google Pixel 6,4.5,700
Trevor Herman DDS,iPhone 14 Pro,4.1,800
Matthew Murphy,Wireless Headphone,3.9,85
Amy Alvarado,Oneplus 12r,4.5,700
Susan Drake,iPhone 15 Pro,4.5,1000
Patricia Booker,Samsung Galaxy S22,4.7,850
Stephanie Burns,Samsung Galaxy S22,4.3,850
Nicholas Hughes,DeepCool Air Cooler,3.6,90
Allen Martin,Oneplus 12r,4.0,700
Tommy Stewart,Wireless Headphone,3.8,85
Joshua Ramos,DeepCool Air Cooler,3.8,90
Janet Hunter,iPhone 15 Pro,3.6,1000
Kathryn Barber,Oneplus 12r,4.6,700
Austin Francis,DeepCool Air Cooler,4.5,90
Amanda Wong,DeepCool Air Cooler,4.7,90
Richard Chandler,DeepCool Air Cooler,4.9,90
Mary Rivera,Apple iPad Air,4.4,400
Cynthia Garner,Google Pixel 6,4.6,700
Keith Wood,Apple iPad Air,4.8,400
Kimberly Guzman,DeepCool Air Cooler,3.9,90
Sara Rodriguez,iPhone 14 Pro,4.5,800
Ruth Williams,Google Pixel 6,4.1,700
Edward Ross,Samsung Galaxy S22,4.4,850
Lauren Gonzalez,iPhone 14 Pro,3.7,800
Glenn Ramos,Google Pixel 6,3.6,700
Gary Weiss,Samsung Galaxy S22,3.5,850
Amanda Morgan,Oneplus 12r,5.0,700
Marilyn Parker,DeepCool Air Cooler,3.7,90
Michelle Estes,Wireless Headphone,3.8,85
Marilyn Murphy,Google Pixel 6,4.1,700
Michelle Woods,Apple iPad Air,3.6,400
Joseph Morrison,Wireless Headphone,4.5,85
Kimberly Sloan,DeepCool Air Cooler,4.1,90
Justin Mann,iPhone 14 Pro,4.1,800
Mrs. Theresa Love,Oneplus 12r,4.3,700
Gerald Petersen,Samsung Galaxy S22,4.5,850
Tammy Smith,Wireless Headphone,5.0,85
Tommy Cook,Oneplus 12r,4.0,700
Bryan Fisher,DeepCool Air Cooler,3.9,90
Sarah Massey,Apple iPad Air,4.6,400
Kevin Murphy,iPhone 15 Pro,4.8,1000
Ronald Coleman,Oneplus 12r,3.9,700
Erica Austin,iPhone 15 Pro,4.4,1000
Diane Keller,iPhone 15 Pro,4.5,1000
Ryan Hanson,Oneplus 12r,4.6,700
Joseph Marshall,Google Pixel 6,4.1,700
Jacob Shepherd,Samsung Galaxy S22,4.3,850
Jillian Winters,iPhone 15 Pro,4.0,1000
Ashley Johnson,Apple iPad Air,4.3,400
Jared Pearson,iPhone 14 Pro,4.5,800
Desiree Kerr,Wireless Headphone,4.7,85
Raymond Crosby,DeepCool Air Cooler,4.6,90
David Robinson,Apple iPad Air,3.8,400
William Johnson,Google Pixel 6,3.7,700
Ricardo Wilson,iPhone 14 Pro,3.7,800
Nicholas Reid,Google Pixel 6,3.9,700
Christina Foster,iPhone 14 Pro,3.6,800
Craig Faulkner,Google Pixel 6,4.2,700
Tabitha Hartman,iPhone 14 Pro,3.5,800
Steven Armstrong,DeepCool Air Cooler,4.3,90
Jonathan Faulkner,Oneplus 12r,4.9,700
Elizabeth Hayden,Oneplus 12r,4.0,700
Michael Fernandez,Wireless Headphone,3.8,85
Christine Rice,Apple iPad Air,4.6,400
Shaun Larson,iPhone 14 Pro,4.2,800
Mary Drake,Google Pixel 6,4.5,700
Deborah Montgomery,Oneplus 12r,3.6,700
James Ray,Wireless Headphone,4.9,85
Crystal Parker,iPhone 14 Pro,4.9,800
Hannah Combs,Apple iPad Air,3.7,400
Brian Lee,Google Pixel 6,4.2,700
Emily Wise,Wireless Headphone,4.0,85
Glenn Copeland,DeepCool Air Cooler,3.6,90
Matthew Davis,Wireless Headphone,4.3,85
Gregory Reid Jr.,Apple iPad Air,4.2,400
Anthony Sexton,iPhone 15 Pro,4.1,1000
Kelly Joseph,iPhone 15 Pro,5.0,1000
Rodney Alvarez,Apple iPad Air,4.2,400
Alexander Richards,Oneplus 12r,3.7,700
Edward Sanchez,Apple iPad Air,4.6,400
Lauren Mccarty,Oneplus 12r,3.9,700
Eric White,Wireless Headphone,3.8,85
Mark Kelly,iPhone 15 Pro,3.7,1000
Linda Freeman,Oneplus 12r,3.9,700
Linda Lee,iPhone 15 Pro,3.9,1000
Sandra Fernandez,Google Pixel 6,3.8,700
Derek Anderson,iPhone 15 Pro,4.3,1000
Lauren Chambers,DeepCool Air Cooler,4.1,90
Amanda Erickson,Google Pixel 6,3.9,700
Steven Mitchell,Google Pixel 6,4.4,700
Mark Gomez,Apple iPad Air,5.0,400
Nathan Bird,iPhone 15 Pro,4.9,1000
Ronald Wolf,Samsung Galaxy S22,3.6,850
Mary Mcneil,Wireless Headphone,3.6,85
Timothy Rowe,iPhone 15 Pro,3.6,1000
Michael Bishop,Oneplus 12r,4.5,700
Chelsea Robinson,iPhone 14 Pro,4.4,800
David Hill,DeepCool Air Cooler,4.4,90
Jonathan Padilla,DeepCool Air Cooler,4.8,90
James Smith,Samsung Galaxy S22,4.3,850
Katie Davis,Samsung Galaxy S22,4.5,850
Brian Spencer,Oneplus 12r,3.5,700
Vanessa Davis,Samsung Galaxy S22,4.9,850
Amanda Mccann,Samsung Galaxy S22,4.5,850
Sabrina Anderson,DeepCool Air Cooler,4.5,90
Ronald Sanchez,Google Pixel 6,3.6,700
Daniel Williams,Apple iPad Air,4.7,400
Phillip Graham,Oneplus 12r,3.8,700
Travis Edwards,Wireless Headphone,4.3,85
Robert Woodard,iPhone 14 Pro,4.2,800
Andrew Hughes,Samsung Galaxy S22,4.4,850
Seth Walker,Oneplus 12r,4.3,700
Kristopher Moore,iPhone 14 Pro,4.9,800
Eric Sosa,Samsung Galaxy S22,4.9,850
Jennifer Warner,Oneplus 12r,4.8,700
Susan Webb,DeepCool Air Cooler,4.0,90
Robert Shields,Oneplus 12r,4.8,700
James Dunlap,Samsung Galaxy S22,4.3,850
Pamela Scott,Oneplus 12r,4.8,700
Emily Lopez,Samsung Galaxy S22,4.2,850
Nicole Garza,DeepCool Air Cooler,4.5,90
Kimberly Richardson,Wireless Headphone,4.6,85
Jason Cruz,Wireless Headphone,4.7,85
Margaret May,Google Pixel 6,4.9,700
Jimmy Hawkins,Samsung Galaxy S22,3.6,850
Victor Davis,Apple iPad Air,3.6,400
Michael Thomas,Wireless Headphone,4.5,85
Christopher Day,Samsung Galaxy S22,4.2,850
Ricky Thomas,iPhone 15 Pro,4.3,1000
Justin Morris,iPhone 15 Pro,4.9,1000
Gabrielle Murphy DVM,Samsung Galaxy S22,4.8,850
Evan Miller,iPhone 15 Pro,5.0,1000
Keith Ellis,Wireless Headphone,4.4,85
Wanda Foster,Wireless Headphone,4.5,85
Timothy Campbell,Google Pixel 6,5.0,700
Ruben Clayton,iPhone 14 Pro,4.0,800
Aaron Lopez III,iPhone 14 Pro,4.3,800
Walter Wilson,Apple iPad Air,3.6,400
Bryan Howe,Samsung Galaxy S22,3.8,850
Shawn Johnson,Samsung Galaxy S22,4.7,850
Nicole Gonzales,Apple iPad Air,4.2,400
Gregory Lopez,Google Pixel 6,4.8,700
Andrew Reynolds,Google Pixel 6,4.7,700
Kristen Bowen,Samsung Galaxy S22,4.5,850
Aaron Cross,Samsung Galaxy S22,3.5,850
Lisa Reyes,Apple iPad Air,4.4,400
Erica Bentley,Samsung Galaxy S22,4.8,850
Tonya Rios,Apple iPad Air,4.3,400
Larry Espinoza,iPhone 14 Pro,4.2,800
Megan Horn,iPhone 14 Pro,4.3,800
Tracy Perry,Oneplus 12r,3.8,700
Richard Garcia,Oneplus 12r,4.6,700
Robert Valdez,Samsung Galaxy S22,4.8,850
Christine Leonard,iPhone 15 Pro,4.4,1000
Robin King DDS,DeepCool Air Cooler,3.7,90
Kevin Phillips,Google Pixel 6,3.6,700
Christopher Guzman,Samsung Galaxy S22,3.8,850
Julie Richards,iPhone 15 Pro,3.7,1000
Joshua Jackson,Apple iPad Air,3.9,400
Chad Molina,DeepCool Air Cooler,4.7,90
Mr. Christopher Ellis,Apple iPad Air,4.9,400
Terry Murphy,iPhone 14 Pro,3.7,800
Brianna Mills,Oneplus 12r,4.6,700
Timothy Barker,iPhone 14 Pro,4.6,800
Margaret Hill,Wireless Headphone,4.3,85
Luis Thompson,Wireless Headphone,3.6,85
Autumn Brown,Samsung Galaxy S22,3.5,850
Max Stevenson,iPhone 15 Pro,4.4,1000
Heather Caldwell,Wireless Headphone,4.8,85
Juan Smith,Oneplus 12r,4.8,700
Dwayne Gray,Wireless Headphone,3.9,85
David Smith,Samsung Galaxy S22,4.1,850
Sarah Hogan,Oneplus 12r,4.8,700
James Navarro,Google Pixel 6,4.5,700
Samantha Kaufman,Apple iPad Air,4.4,400
Nathan Williams,Wireless Headphone,4.2,85
Misty Lamb,iPhone 15 Pro,4.6,1000
Robert Obrien,Samsung Galaxy S22,4.1,850
Sean Pierce,Apple iPad Air,4.0,400
James Cherry,Google Pixel 6,3.8,700
Brandi Poole,Samsung Galaxy S22,4.4,850
Sarah Smith,DeepCool Air Cooler,4.9,90
David Thomas,Samsung Galaxy S22,4.9,850
Joseph Edwards,Apple iPad Air,3.9,400
Lisa Roberts,DeepCool Air Cooler,3.5,90
Lindsey Lewis,Oneplus 12r,3.6,700
Judy Navarro,DeepCool Air Cooler,3.7,90
Andrew Potter,iPhone 14 Pro,4.7,800
Jon Mitchell,iPhone 15 Pro,3.9,1000
Susan Reese,Samsung Galaxy S22,4.9,850
Thomas Freeman,iPhone 14 Pro,4.0,800
Laura Rice,Wireless Headphone,4.8,85
Jerry Bruce,Samsung Galaxy S22,3.6,850
Eric Shields,Apple iPad Air,3.7,400
Kevin Clark,Samsung Galaxy S22,4.1,850
Richard Hernandez,Wireless Headphone,4.6,85
Tyler Jimenez,Oneplus 12r,4.8,700
Jamie Boyd,DeepCool Air Cooler,4.6,90
Austin Farley,iPhone 15 Pro,4.0,1000
James Haley,iPhone 14 Pro,5.0,800
Danielle Macias,Wireless Headphone,3.7,85
Dillon Tucker,Google Pixel 6,3.7,700
Greg Haley,iPhone 15 Pro,4.5,1000
Vincent James,DeepCool Air Cooler,3.6,90
John Davis,Google Pixel 6,5.0,700
Christopher Cochran,Oneplus 12r,3.8,700
Jamie Fischer,Samsung Galaxy S22,3.6,850
Justin Berger,iPhone 15 Pro,4.1,1000
Kimberly Forbes,Wireless Headphone,4.8,85
Sabrina Ortiz,DeepCool Air Cooler,4.7,90
Courtney Bradshaw,Google Pixel 6,4.9,700
Miranda Lee,Google Pixel 6,5.0,700
Christopher Pineda,Apple iPad Air,5.0,400
James Stewart,Apple iPad Air,4.7,400
James Moses,Samsung Galaxy S22,4.5,850
Melissa Mccarthy,Samsung Galaxy S22,4.1,850
Jessica Deleon,Wireless Headphone,4.9,85
Mr. John Cruz,Wireless Headphone,4.4,85
Matthew Williams,Google Pixel 6,3.7,700
Veronica Barton,Samsung Galaxy S22,4.9,850
Stephanie Jordan,iPhone 14 Pro,4.8,800
Natalie May,Samsung Galaxy S22,3.5,850
Angela Torres,iPhone 15 Pro,3.5,1000
Luis Gordon,Oneplus 12r,4.4,700
Jeremy Carter,Samsung Galaxy S22,4.7,850
Darlene Morgan,Oneplus 12r,4.7,700
Kevin Yates,Apple iPad Air,4.5,400
Mark Chambers,Samsung Galaxy S22,3.9,850
Charles Melton,iPhone 15 Pro,3.9,1000
Teresa Baker,Wireless Headphone,4.6,85
Crystal Vargas,iPhone 15 Pro,3.8,1000
Mary Barron,iPhone 14 Pro,4.1,800
Pamela Fowler,Google Pixel 6,3.8,700
Jeffrey Mendoza,Wireless Headphone,4.5,85
John Martin,Oneplus 12r,3.8,700
Anna Perez,Google Pixel 6,4.8,700
Annette Cruz,Wireless Headphone,3.7,85
Maureen Hicks,Google Pixel 6,5.0,700
